Employee_Name,Employee_EmailID
Alice Johnson,alice.johnson@example.com
Bob Smith,bob.smith@example.com
Catherine Lee,catherine.lee@example.com
David Patel,david.patel@example.com
Emily Chen,emily.chen@example.com
Franklin Adams,frank.adams@example.com
Grace Kumar,grace.kumar@example.com
Hassan Ali,hassan.ali@example.com
Isabella Rossi,isabella.rossi@example.com
Jacob Kim,jacob.kim@example.com
